contractor_id,first_name,middle_name,last_name,Address,phone,email,dob,nickname,active
1001,Rufino,,Pedraza Hernandez ,2620 S CRISTIANA CHICAGO IL 60623,6305501849,RUFFLESS2010@LIVE.COM,,,TRUE
1002,Maynor ,,Juarez ,12518 western ave blue island Illinois ,7087452132,Mynorjuarez903@gmail.com,,Leonel ,TRUE
1003,Selvin,,Lopez,6719 Easwood St,2676478362,selvinynatha2013@gmail.com,,Rene,TRUE
1004,Bayron,,Cordon,6828 Fort Smallwood road Curtis bay MD 21226,2404816824,bayron1986cordon@gmail.com,,,TRUE
1005,Wilmer ,,Fajardo ,755 Garland st Philadelphia PA 19124,267 3385689,yaldana018@gmail.com,,Aldana,FALSE
1006,Rudy,,Franco,1674 Euclid av,7086821481,rf19772019@gmail.com,,Leonel ,FALSE
1007,Wilmer ,,Saldivar,1674 euclid ave,3128234694,awilmer401@gmail.com,,Alexander ,FALSE
1008,Wilmer ,,Fajardo ,755 Garland st Philadelphia PA 19124,267 3385689,yaldana018@gmail.com,,Aldana,FALSE
1009,Roberto ,,Garcia,"14944kedvale Ave midlothian, IL 60445",7089651610,roberto.garcia1999@icloud.com,,Carlos ,FALSE
1010,Otto,,Fajardo ,755 Garland ST Philadelphia PA 1924,267 3796670,Farhadootto@gmail.com,,Aldana,FALSE
1011,Rene D,,Cordon,7115 Horrocks st Philadelphia PA 19149,7089403343,danilocordon208@gmail.com,,,FALSE
1012,Emerson ,,Arias ,1674euclidave Chicago heights ,7087330682,ariasemerson941@gmail.com,,Ivan ,FALSE
1013,Adrian ,,Baten ,1221 S 8TH ST,2707277107,Batennadrian@gmail.com,,Ajanel,FALSE
1014,Armando ,,Tum Calel,8 st sth 1217,2707050021,Armandotum2@gmail.com ,,,FALSE
1015,Juan Javier ,,Ajanel ,108 Mayfair dr ,239 603 59 62 ,Ajanellopezjuanjavier@gmail.com ,,López ,FALSE
1016,José Luis ,,Ajanel ,1206 South 8th Street,2707277480,jl2211380@gmail.com,,Compita ,FALSE
1017,Jose,,Mejia,8920 s EXCHANGE,7739419928,Josemejiaaz09@gmail.com ,,,FALSE
1018,Oscar ,,Aparicio,13272 E Spinning Wheel Rd Hopkins Park IL,7085487965,Armandoapa8bc@gmail.com,,Armando,FALSE
1019,Mauricio,,Palacios,18761 william st lansing il 60438,773 5630005,lobosfc58@gmail.com ,,,FALSE
1020,Jose,,Villegas ,1813 wéstern 47 th St ,2242002411,rebecadesantiago69@gmail.com,,,FALSE
1021,Edin,,Franco,7127 seaford rd upper darby pa 19082,2677700726,eddyfranco202@gmail.com,,Alvanez,FALSE
1022,Marcoantonio,,Lopez,1655 granite st Philadelphia pa 19124,2404324108,marcolopez1998@icloud.com,,,FALSE
1023,Edwin,,Lopez,1655 granite st Philadelphia pa 19124,2154597977,eduardolopez202117@gmail.com,,Eduardo,FALSE
1024,Mauricio,,Palacios,18761 William St Lansing IL 60438,7735630005,lobosfc58@gmail.com,,,FALSE
1025,Delmiro ,,Barrios ,2960 w Columbus ave ,773 704-4256 ,delmiro701@gmail.com ,,,FALSE
1026,Pablo ,,Palacios ,3082 E Lincoln Hwy ,312 221 99 83 ,Araceli_pablo@yahoo.com ,,,FALSE
1027,Bayron,,Aparicio,15639 Lowe Avenue,(708) 704-6832,luzregules1973@gmail.com,,,FALSE
1028,Ramiro,,Lopez ,3025 South Saint Louis,7733193667,rlopez3025@gmail.com ,,,FALSE
1029,Nelson ,,Castro ,5619 schultz hammond in 46320 ,2192760768,Jacoboh241@gmil.com,,,FALSE
1030,Roger baudilio Diaz auxume ,,Diaz auxume ,5361 south ave hammond indiana .46320,7086316695,Rd765620@gmail.com,,,FALSE
1031,Luis ,,Marroquín ,5419moralesberger pl hammond IN 46320-1423,7042588346,hardy1234marroquin1997@gmail.com,,Fernando,FALSE
1032,Norvi,,Marroquin,5419 moralesberger pl hammond IN 46320-1423,7084910906,norvimarroquin1@gmail.com,,Estuardo,FALSE
1033,Kevin,,barrientos,14944 kedvale ave midlothian illinois 60445,7089403692,kbarrientos92@gmail.com,,,FALSE
1034,Hugo ,,Rodriguez ,"725 1/2 Raymer Blvd Toledo,OH 43605",4194947162,hugofabianrdz1998@gmail.com,,Fabian,FALSE
1035,Ricardo ,,Rodriguez Chavez ,"1224 Crescent St Toledo,OH 43605",4192905701,ricardo.rr.798@gmail.com,,,FALSE
1036,Jose,,Argüello ,15591 E 2500S RD PEMBROKE TOWNSHIP IL,3366091436,ja8517827@gmail.com,,Jose ,FALSE
