contractor_id,first_name,last_name,date,hours_worked,company,jobsite
1001,Pedraza,Hernandez,2022-02-01,10,Cohen Recycling,Vine
1002,Maynor,Juarez,2022-02-01,10,Cohen Recycling,Vine
1001,Pedraza,Hernandez,2022-02-05,10,Kimmel Scrap Iron & Metal,Detroit Yard
1002,Maynor,Juarez,2022-02-05,10,Kimmel Scrap Iron & Metal,Detroit Yard
1001,Pedraza,Hernandez,2022-01-19,10,Cohen Recycling,Sardinia
1002,Maynor,Juarez,2022-01-19,10,Cohen Recycling,Sardinia
1003,Selvin,Lopez,2022-01-19,10,Cohen Recycling,Sardinia
1004,Bayron,Cordon,2022-01-19,10,Cohen Recycling,Sardinia
1004,Bayron,Cordon,2022-02-02,10,JBI Scrap Processors,JBI
1001,Pedraza,Hernandez,2022-02-01,10,JBI Scrap Processors,JBI
1002,Maynor,Juarez,2022-02-02,10,JBI Scrap Processors,JBI
1003,Selvin,Lopez,2022-02-03,10,JBI Scrap Processors,JBI
1004,Bayron,Cordon,2022-02-04,10,JBI Scrap Processors,JBI
1004,Bayron,Cordon,2022-02-05,10,JBI Scrap Processors,JBI
1004,Bayron,Cordon,2022-02-06,10,JBI Scrap Processors,JBI
