invoice_num,company,job_site,total_tons,total_revenue,sent,date_sent,paid,date_paid
1001,Big Inc,Big 1,100,5000,True,2022-02-07,False,
1002,Big 3,Big 3,600,30000,True,2022-02-08,,
1003,Big Inc,Big 3,1600,60000,True,2022-02-08,False
1004,Big Inc,Big 3,1600,60000,True,2022-02-08,False
1005,JBI Scrap Processors ,JBI ,121200.0,0.0,True,2022-02-11,False
1006,JBI Scrap Processors,JBI,121200.0,0.0,True,2022-02-11,False
1007,JBI Scrap Processors,JBI,121200.0,0.0,True,2022-02-11,False
1008,JBI Scrap Processors,JBI,121200.0,0.0,True,2022-02-11,False
1009,JBI Scrap Processors,JBI,121200.0,0.0,True,2022-02-11,False
1010,JBI Scrap Processors,JBI,121200.0,0.0,True,2022-02-14,False
1011,JBI Scrap Processors,JBI,121200.0,0.0,True,2022-02-14,False
1012,JBI Scrap Processors,JBI,121200.0,0.0,True,2022-02-14,False
1013,JBI Scrap Processors,JBI,121200.0,0.0,True,2022-02-14,False
1014,JBI Scrap Processors,JBI,121200.0,0.0,True,2022-02-14,False
1015,JBI Scrap Processors,JBI,121200.0,0.0,True,2022-02-14,False
1016,JBI Scrap Processors,JBI,121200.0,3636000.0,True,2022-02-14,False
1017,JBI Scrap Processors,JBI,121200.0,3636000.0,True,2022-02-14,False
1018,JBI Scrap Processors,JBI,121200.0,3636000.0,True,2022-02-14,False
1019,Cohen Recycling,Macon,200.0,0.0,True,2022-02-14,False
1020,JBI Scrap Processors,JBI,121200.0,3636000.0,True,2022-02-15,False
1021,Cohen Recycling,Sardinia,40520.0,1692600.0,True,2022-02-15,False
1022,Cohen Recycling,Sardinia,40520.0,1692600.0,True,2022-02-15,False
1023,Cohen Recycling,Sardinia,40520.0,1692600.0,True,2022-02-15,False
1024,Cohen Recycling,Sardinia,40520.0,1692600.0,True,2022-02-15,False
1025,Cohen Recycling,Sardinia,40520.0,1692600.0,True,2022-02-15,False
1026,JBI Scrap Processors,JBI,147600.0,4956000.0,True,2022-02-16,False
1027,JBI Scrap Processors,JBI,148100.0,4973500.0,True,2022-02-17,False
1028,JBI Scrap Processors,JBI,148100.0,4973500.0,True,2022-02-17,False
1029,JBI Scrap Processors,JBI,148100,4973500,True,2022-02-21,False
1030,JBI Scrap Processors,JBI,148100,4973500,True,2022-02-21,False
1031,Cohen Recycling,Macon,200,0,True,2022-02-21,False
1032,Cohen Recycling,Macon,200,0,True,2022-02-21,False
1033,Kimmel Scrap Iron & Metal,Detroit Yard,100,3000,True,2022-02-21,False
1034,Kimmel Scrap Iron & Metal,Detroit Yard,100,3000,True,2022-02-22,False
1035,JBI Scrap Processors,JBI,148100,4973500,True,2022-02-22,False
1036,JBI Scrap Processors,JBI,148100,4973500,True,2022-02-22,False
1037,JBI Scrap Processors,JBI,148100,4973500,True,2022-02-22,False
1038,JBI Scrap Processors,JBI,148100,4973500,True,2022-02-22,False
1039,JBI Scrap Processors,JBI,148100,4973500,True,2022-02-22,False
1040,Cohen Recycling,Sardinia,100,0,True,2022-02-22,False
1041,"Redline Metalsl, Inc.",Redline,400,29000,True,2022-02-22,False
1042,JBI Scrap Processors,JBI,148100,4973500,True,2022-02-22,False
1043,JBI Scrap Processors,JBI,148100,4973500,True,2022-02-22,False
