ticket_number,internal_id,company_name,jobsite,date,attribute_date,employees,num_of_employees,tare_weight,gross_weight,net_weight,hours_worked,material_type,rate
308466,1004,JBI Scrap Processors,JBI,2022-02-02,2022-02-02,unknown,1,0,0,25900,0,5_foot_heavy_torching,30
308467,1005,JBI Scrap Processors,JBI,2022-02-02,2022-02-02,unknown,1,0,0,28100,0,5_foot_heavy_torching,30
308468,1006,JBI Scrap Processors,JBI,2022-02-02,2022-02-02,unknown,1,0,0,40400,0,5_foot_heavy_torching,30
308470,1007,JBI Scrap Processors,JBI,2022-02-02,2022-02-02,unknown,1,0,0,26800,0,5_foot_heavy_torching,30
158598,1008,Cohen Recycling,Sardinia,2022-01-19,2022-01-19,unknown,1,64320,42880,21440,0,5_foot_heavy_torching,30
11111,1009,Cohen Recycling,Sardinia,2022-02-01,2022-02-01,unknown,1,0,0,100,0,2 Foot: 65.0,0
222222,1010,Cohen Recycling,Macon,2022-02-02,2022-02-02,unknown,1,0,0,200,0,3 Foot: 50.0,0
12345,1011,"Redline Metalsl, Inc.",Redline,2022-02-03,2022-02-03,unknown,1,0,0,100,0,Heavy Metal_5,30
123456,1012,"Redline Metalsl, Inc.",Redline,2022-02-03,2022-02-03,unknown,1,0,0,100,0,Heavy Metal_5,100
1234567,1013,"Redline Metalsl, Inc.",Redline,2022-02-03,2022-02-03,unknown,1,0,0,100,0,Heavy Metal_5,100
123455,1014,"Redline Metalsl, Inc.",Redline,2022-02-03,2022-02-03,unknown,1,0,0,100,0,1 Foot,60
54321,1015,Kimmel Scrap Iron & Metal,Detroit Yard,2022-02-05,2022-02-05,unknown,1,0,0,100,0,Clip,30
19050,1016,Cohen Recycling,Sardinia,2022-01-19,2022-01-19,unknown,1,61620,42540,19080,0,Cast,55
308469,1017,JBI Scrap Processors,JBI,2022-02-02,2022-02-02,unknown,1,0,0,25900,0,3 Foot,50
654321,1018,JBI Scrap Processors,JBI,2022-02-02,2022-02-01,gerardo sandoval,1,0,0,500,0,3 Foot,50
22345,1020,JBI Scrap Processors,JBI,2022-02-02,2022-02-02,"chato dog, apples are",2,0,0,500,0,Heavy Metal_5,35
1021,1021,JBI Scrap Processors,JBI,2022-02-10,2022-02-10,unknown,1,200,100,100,0,3 Foot, 50.0
1022,1022,JBI Scrap Processors,JBI,2022-02-05,2022-02-05,unknown,1,500,200,300,0,3 Foot, 50.0
